<?xml version="1.0" encoding="UTF-8"?>

<beans xmlns="http://www.springframework.org/schema/beans"
xmlns:xsi="http://www.w3.org/2001/XMLSchema-instance"
xmlns:context="http://www.springframework.org/schema/context"
xmlns:mvc="http://www.springframework.org/schema/mvc"
xmlns:tx="http://www.springframework.org/schema/tx"
xsi:schemaLocation="
    http://www.springframework.org/schema/beans
    http://www.springframework.org/schema/beans/spring-beans-3.0.xsd
    http://www.springframework.org/schema/context
    http://www.springframework.org/schema/context/spring-context-3.0.xsd
    http://www.springframework.org/schema/mvc
    http://www.springframework.org/schema/mvc/spring-mvc.xsd
    http://www.springframework.org/schema/tx 
    http://www.springframework.org/schema/tx/spring-tx-3.0.xsd">


<context:property-placeholder location="classpath:resources/database.properties"></context:property-placeholder>
<context:component-scan base-package="com.companyname">
</context:component-scan>

<tx:annotation-driven transaction-manager="hibernateTransactionManager"></tx:annotation-driven>

<bean class="org.springframework.web.servlet.view.InternalResourceViewResolver" id="jspViewResolver">
 <property name="viewClass" value="org.springframework.web.servlet.view.JstlView"></property>
 <property name="prefix" value="/WEB-INF/view/"></property>
 <property name="suffix" value=".jsp"></property>
</bean>

<bean class="org.springframework.jdbc.datasource.DriverManagerDataSource" id="dataSource">
 <property name="driverClassName" value="${database.driver}"></property>
 <property name="url" value="${database.url}"></property>
 <property name="username" value="${database.user}"></property>
 <property name="password" value="${database.password}"></property>
</bean>

<bean class="org.springframework.orm.hibernate5.LocalSessionFactoryBean" id="sessionFactory">
 <property name="dataSource" ref="dataSource"></property>
 <property name="annotatedClasses">
  <list>
   <value>com.companyname.entity.Employee</value>
  </list>
 </property>
 <property name="hibernateProperties">
 <props>
  <prop key="hibernate.dialect">${hibernate.dialect}</prop>
  <prop key="hibernate.show_sql">${hibernate.show_sql}</prop>
  <prop key="hibernate.hbm2ddl.auto">${hibernate.hbm2ddl.auto}  </prop>    
        </props>
      </property>
</bean>

  <bean class="org.springframework.orm.hibernate5.HibernateTransactionManager" id="hibernateTransactionManager">
 <property name="sessionFactory" ref="sessionFactory"></property>
  </bean>
</beans>
